[
  {
    "name": "Process Start",
    "start": 1618385445961,
    "end": 1618385446503,
    "duration": 542,
    "pid": 68000,
    "index": 0
  },
  {
    "name": "Application Start",
    "start": 1618385446503,
    "end": 1618385446804,
    "duration": 301,
    "pid": 68000,
    "index": 1
  },
  {
    "name": "Load Plugin",
    "start": 1618385446508,
    "end": 1618385446514,
    "duration": 6,
    "pid": 68000,
    "index": 2
  },
  {
    "name": "Load Config",
    "start": 1618385446514,
    "end": 1618385446524,
    "duration": 10,
    "pid": 68000,
    "index": 3
  },
  {
    "name": "Require(0) config/config.default.js",
    "start": 1618385446515,
    "end": 1618385446515,
    "duration": 0,
    "pid": 68000,
    "index": 4
  },
  {
    "name": "Require(1) node_modules/egg-session/config/config.default.js",
    "start": 1618385446516,
    "end": 1618385446516,
    "duration": 0,
    "pid": 68000,
    "index": 5
  },
  {
    "name": "Require(2) node_modules/egg-security/config/config.default.js",
    "start": 1618385446516,
    "end": 1618385446516,
    "duration": 0,
    "pid": 68000,
    "index": 6
  },
  {
    "name": "Require(3) node_modules/egg-jsonp/config/config.default.js",
    "start": 1618385446517,
    "end": 1618385446517,
    "duration": 0,
    "pid": 68000,
    "index": 7
  },
  {
    "name": "Require(4) node_modules/egg-onerror/config/config.default.js",
    "start": 1618385446517,
    "end": 1618385446517,
    "duration": 0,
    "pid": 68000,
    "index": 8
  },
  {
    "name": "Require(5) node_modules/egg-i18n/config/config.default.js",
    "start": 1618385446517,
    "end": 1618385446517,
    "duration": 0,
    "pid": 68000,
    "index": 9
  },
  {
    "name": "Require(6) node_modules/egg-watcher/config/config.default.js",
    "start": 1618385446518,
    "end": 1618385446518,
    "duration": 0,
    "pid": 68000,
    "index": 10
  },
  {
    "name": "Require(7) node_modules/egg-schedule/config/config.default.js",
    "start": 1618385446518,
    "end": 1618385446518,
    "duration": 0,
    "pid": 68000,
    "index": 11
  },
  {
    "name": "Require(8) node_modules/egg-multipart/config/config.default.js",
    "start": 1618385446518,
    "end": 1618385446518,
    "duration": 0,
    "pid": 68000,
    "index": 12
  },
  {
    "name": "Require(9) node_modules/egg-development/config/config.default.js",
    "start": 1618385446519,
    "end": 1618385446519,
    "duration": 0,
    "pid": 68000,
    "index": 13
  },
  {
    "name": "Require(10) node_modules/egg-logrotator/config/config.default.js",
    "start": 1618385446519,
    "end": 1618385446519,
    "duration": 0,
    "pid": 68000,
    "index": 14
  },
  {
    "name": "Require(11) node_modules/egg-static/config/config.default.js",
    "start": 1618385446519,
    "end": 1618385446519,
    "duration": 0,
    "pid": 68000,
    "index": 15
  },
  {
    "name": "Require(12) node_modules/egg-view/config/config.default.js",
    "start": 1618385446520,
    "end": 1618385446520,
    "duration": 0,
    "pid": 68000,
    "index": 16
  },
  {
    "name": "Require(13) node_modules/egg-cors/config/config.default.js",
    "start": 1618385446520,
    "end": 1618385446520,
    "duration": 0,
    "pid": 68000,
    "index": 17
  },
  {
    "name": "Require(14) node_modules/egg-view-ejs/config/config.default.js",
    "start": 1618385446520,
    "end": 1618385446520,
    "duration": 0,
    "pid": 68000,
    "index": 18
  },
  {
    "name": "Require(15) node_modules/egg/config/config.default.js",
    "start": 1618385446521,
    "end": 1618385446521,
    "duration": 0,
    "pid": 68000,
    "index": 19
  },
  {
    "name": "Require(16) config/config.default.js",
    "start": 1618385446522,
    "end": 1618385446522,
    "duration": 0,
    "pid": 68000,
    "index": 20
  },
  {
    "name": "Require(17) node_modules/egg-security/config/config.local.js",
    "start": 1618385446522,
    "end": 1618385446522,
    "duration": 0,
    "pid": 68000,
    "index": 21
  },
  {
    "name": "Require(18) node_modules/egg-watcher/config/config.local.js",
    "start": 1618385446522,
    "end": 1618385446523,
    "duration": 1,
    "pid": 68000,
    "index": 22
  },
  {
    "name": "Require(19) node_modules/egg-view/config/config.local.js",
    "start": 1618385446523,
    "end": 1618385446523,
    "duration": 0,
    "pid": 68000,
    "index": 23
  },
  {
    "name": "Require(20) node_modules/egg-view-ejs/config/config.local.js",
    "start": 1618385446523,
    "end": 1618385446524,
    "duration": 1,
    "pid": 68000,
    "index": 24
  },
  {
    "name": "Require(21) node_modules/egg/config/config.local.js",
    "start": 1618385446524,
    "end": 1618385446524,
    "duration": 0,
    "pid": 68000,
    "index": 25
  },
  {
    "name": "Load extend/application.js",
    "start": 1618385446525,
    "end": 1618385446533,
    "duration": 8,
    "pid": 68000,
    "index": 26
  },
  {
    "name": "Require(22) node_modules/egg-session/app/extend/application.js",
    "start": 1618385446525,
    "end": 1618385446526,
    "duration": 1,
    "pid": 68000,
    "index": 27
  },
  {
    "name": "Require(23) node_modules/egg-security/app/extend/application.js",
    "start": 1618385446526,
    "end": 1618385446527,
    "duration": 1,
    "pid": 68000,
    "index": 28
  },
  {
    "name": "Require(24) node_modules/egg-jsonp/app/extend/application.js",
    "start": 1618385446527,
    "end": 1618385446528,
    "duration": 1,
    "pid": 68000,
    "index": 29
  },
  {
    "name": "Require(25) node_modules/egg-logrotator/app/extend/application.js",
    "start": 1618385446529,
    "end": 1618385446530,
    "duration": 1,
    "pid": 68000,
    "index": 30
  },
  {
    "name": "Require(26) node_modules/egg-view/app/extend/application.js",
    "start": 1618385446530,
    "end": 1618385446532,
    "duration": 2,
    "pid": 68000,
    "index": 31
  },
  {
    "name": "Load extend/request.js",
    "start": 1618385446533,
    "end": 1618385446537,
    "duration": 4,
    "pid": 68000,
    "index": 32
  },
  {
    "name": "Require(27) node_modules/egg/app/extend/request.js",
    "start": 1618385446534,
    "end": 1618385446535,
    "duration": 1,
    "pid": 68000,
    "index": 33
  },
  {
    "name": "Load extend/response.js",
    "start": 1618385446537,
    "end": 1618385446540,
    "duration": 3,
    "pid": 68000,
    "index": 34
  },
  {
    "name": "Require(28) node_modules/egg/app/extend/response.js",
    "start": 1618385446538,
    "end": 1618385446539,
    "duration": 1,
    "pid": 68000,
    "index": 35
  },
  {
    "name": "Load extend/context.js",
    "start": 1618385446540,
    "end": 1618385446570,
    "duration": 30,
    "pid": 68000,
    "index": 36
  },
  {
    "name": "Require(29) node_modules/egg-security/app/extend/context.js",
    "start": 1618385446541,
    "end": 1618385446544,
    "duration": 3,
    "pid": 68000,
    "index": 37
  },
  {
    "name": "Require(30) node_modules/egg-jsonp/app/extend/context.js",
    "start": 1618385446544,
    "end": 1618385446545,
    "duration": 1,
    "pid": 68000,
    "index": 38
  },
  {
    "name": "Require(31) node_modules/egg-i18n/app/extend/context.js",
    "start": 1618385446545,
    "end": 1618385446545,
    "duration": 0,
    "pid": 68000,
    "index": 39
  },
  {
    "name": "Require(32) node_modules/egg-multipart/app/extend/context.js",
    "start": 1618385446545,
    "end": 1618385446568,
    "duration": 23,
    "pid": 68000,
    "index": 40
  },
  {
    "name": "Require(33) node_modules/egg-view/app/extend/context.js",
    "start": 1618385446568,
    "end": 1618385446568,
    "duration": 0,
    "pid": 68000,
    "index": 41
  },
  {
    "name": "Require(34) node_modules/egg/app/extend/context.js",
    "start": 1618385446568,
    "end": 1618385446569,
    "duration": 1,
    "pid": 68000,
    "index": 42
  },
  {
    "name": "Load extend/helper.js",
    "start": 1618385446570,
    "end": 1618385446595,
    "duration": 25,
    "pid": 68000,
    "index": 43
  },
  {
    "name": "Require(35) node_modules/egg-security/app/extend/helper.js",
    "start": 1618385446570,
    "end": 1618385446593,
    "duration": 23,
    "pid": 68000,
    "index": 44
  },
  {
    "name": "Require(36) node_modules/egg/app/extend/helper.js",
    "start": 1618385446593,
    "end": 1618385446594,
    "duration": 1,
    "pid": 68000,
    "index": 45
  },
  {
    "name": "Load app.js",
    "start": 1618385446595,
    "end": 1618385446632,
    "duration": 37,
    "pid": 68000,
    "index": 46
  },
  {
    "name": "Require(37) node_modules/egg-session/app.js",
    "start": 1618385446595,
    "end": 1618385446596,
    "duration": 1,
    "pid": 68000,
    "index": 47
  },
  {
    "name": "Require(38) node_modules/egg-security/app.js",
    "start": 1618385446596,
    "end": 1618385446598,
    "duration": 2,
    "pid": 68000,
    "index": 48
  },
  {
    "name": "Require(39) node_modules/egg-onerror/app.js",
    "start": 1618385446598,
    "end": 1618385446607,
    "duration": 9,
    "pid": 68000,
    "index": 49
  },
  {
    "name": "Require(40) node_modules/egg-i18n/app.js",
    "start": 1618385446607,
    "end": 1618385446623,
    "duration": 16,
    "pid": 68000,
    "index": 50
  },
  {
    "name": "Require(41) node_modules/egg-watcher/app.js",
    "start": 1618385446623,
    "end": 1618385446625,
    "duration": 2,
    "pid": 68000,
    "index": 51
  },
  {
    "name": "Require(42) node_modules/egg-schedule/app.js",
    "start": 1618385446625,
    "end": 1618385446627,
    "duration": 2,
    "pid": 68000,
    "index": 52
  },
  {
    "name": "Require(43) node_modules/egg-multipart/app.js",
    "start": 1618385446627,
    "end": 1618385446628,
    "duration": 1,
    "pid": 68000,
    "index": 53
  },
  {
    "name": "Require(44) node_modules/egg-development/app.js",
    "start": 1618385446628,
    "end": 1618385446628,
    "duration": 0,
    "pid": 68000,
    "index": 54
  },
  {
    "name": "Require(45) node_modules/egg-logrotator/app.js",
    "start": 1618385446629,
    "end": 1618385446629,
    "duration": 0,
    "pid": 68000,
    "index": 55
  },
  {
    "name": "Require(46) node_modules/egg-static/app.js",
    "start": 1618385446629,
    "end": 1618385446630,
    "duration": 1,
    "pid": 68000,
    "index": 56
  },
  {
    "name": "Require(47) node_modules/egg-cors/app.js",
    "start": 1618385446630,
    "end": 1618385446631,
    "duration": 1,
    "pid": 68000,
    "index": 57
  },
  {
    "name": "Require(48) node_modules/egg-view-ejs/app.js",
    "start": 1618385446631,
    "end": 1618385446631,
    "duration": 0,
    "pid": 68000,
    "index": 58
  },
  {
    "name": "Before Start in node_modules/egg-watcher/lib/init.js:15:14",
    "start": 1618385446639,
    "end": 1618385446804,
    "duration": 165,
    "pid": 68000,
    "index": 59
  },
  {
    "name": "Load Service",
    "start": 1618385446659,
    "end": 1618385446663,
    "duration": 4,
    "pid": 68000,
    "index": 60
  },
  {
    "name": "Load \"service\" to Context",
    "start": 1618385446659,
    "end": 1618385446663,
    "duration": 4,
    "pid": 68000,
    "index": 61
  },
  {
    "name": "Load Middleware",
    "start": 1618385446663,
    "end": 1618385446785,
    "duration": 122,
    "pid": 68000,
    "index": 62
  },
  {
    "name": "Load \"middlewares\" to Application",
    "start": 1618385446664,
    "end": 1618385446773,
    "duration": 109,
    "pid": 68000,
    "index": 63
  },
  {
    "name": "Load Controller",
    "start": 1618385446785,
    "end": 1618385446787,
    "duration": 2,
    "pid": 68000,
    "index": 64
  },
  {
    "name": "Load \"controller\" to Application",
    "start": 1618385446785,
    "end": 1618385446787,
    "duration": 2,
    "pid": 68000,
    "index": 65
  },
  {
    "name": "Load Router",
    "start": 1618385446787,
    "end": 1618385446790,
    "duration": 3,
    "pid": 68000,
    "index": 66
  },
  {
    "name": "Require(49) app/router.js",
    "start": 1618385446788,
    "end": 1618385446788,
    "duration": 0,
    "pid": 68000,
    "index": 67
  },
  {
    "name": "Before Start in node_modules/egg-core/lib/egg.js:303:10",
    "start": 1618385446789,
    "end": 1618385446796,
    "duration": 7,
    "pid": 68000,
    "index": 68
  }
]